<lsf>
    <initials>
        <reference length="2" />
        <root id="root" />
       
    </initials>
    <views default="CameraFront">
      
         <perspective id="CameraSide" near="0.1" far="500" angle="45">
            <from x="-2" y="10" z="20" />
            <to x="10" y="2" z="5" />
        </perspective>
  <perspective id="CameraFront" near="0.1" far="500" angle="45">
            <from x="17" y="8" z="24" />
            <to x="11" y="2" z="-5" />
        </perspective>

        <ortho id="ZoomOrtho" near="0.1" far="200" left="-1" right="10" top="10" bottom="-0.2">
            <from x="0" y="0" z="10" />
            <to x="1" y="1" z="1" />
             <up x="0" y="3" z="0"/>
        </ortho>

        <ortho id="FrontOrtho"  near="0.1" far="200" left="-2" right="13" top="10" bottom="-2" >
            <from x="-10" y="0" z="0" />
            <to x="10" y="0" z="0" />
            <up x="0" y="3" z="0"/>
        </ortho>
    
    </views>

    <illumination>
        <ambient r="0.2" g="0.2" b="0.2" a="1.0" />           <!-- global ambient -->
        <background r="0.1" g="0.1" b="0.1" a="1.0" />          <!-- background color -->
    </illumination>


    <lights>
        <!-- NOTE: this block "light" must be repeated as necessary with different "id". At least one light should be present, and a maximum of eight lights is accepted. -->
        <light id="brightLight">            <!-- light identifier -->
            <enable value="0" />
            <!-- enable/disable -->
            <position x="1" y="9" z="1" w="1" /><!-- light position; w=1: point light; w=0: directional light -->
            <ambient r="1" g="1" b="1" a="1.0" />                   <!-- ambient component -->
            <diffuse r="1.0" g="1.0" b="1.0" a="1.0" />             <!-- diffuse component -->
            <specular r="0.0" g="0.0" b="0.0" a="1.0" />            <!-- specular component -->
        </light>

        <light id="Light1">            <!-- light identifier -->
            <enable value="1" />
            <!-- enable/disable -->
            <position x="4" y="2" z="1" w="1.0" /><!-- light position; w=1: point light; w=0: directional light -->
            <ambient r="0." g="0." b="0." a="1.0" />                   <!-- ambient component -->
            <diffuse r=".5" g=".5" b=".5" a="1.0" />             <!-- diffuse component -->
            <specular r="1.0" g="1.0" b="1.0" a="1.0" />            <!-- specular component -->
        </light>

      

        
        <light id="Candeeiro">            <!-- light identifier -->
            <enable value="1" />
            <!-- enable/disable -->
            <position x="14" y="19" z="10" w="0" /><!-- light position; w=1: point light; w=0: directional light -->
            <ambient r="0.98" g="0.85" b="0.68" a="1.0" />                   <!-- ambient component -->
            <diffuse r="0.98" g="0.85" b="0.68" a="1.0" />             <!-- diffuse component -->
            <specular r="0" g="0" b="0" a="1.0" />            <!-- specular component -->
        </light>

        
      
    </lights>


    <textures>
        <!-- NOTE: this block "TEXTURE" must be repeated as necessary with different "id" -->
		<texture id="wallTexture" path="./scenes/images/wall.jpg" />
		<texture id="donutTexture" path="./scenes/images/donut.png" />
		<texture id="doorTexture" path="./scenes/images/door.jpg" />
		<texture id="windowTexture" path="./scenes/images/window.jpg" />
		<texture id="woodTexture1" path="./scenes/images/wood/wood1.jpg" />
		<texture id="woodTexture2" path="./scenes/images/wood/wood2.jpg" />
        <texture id="pizzaTexture" path="./scenes/images/pizza.jpg" />
        <texture id="stripesTexture" path="./scenes/images/stripes.png" />
        <texture id="background" path="./scenes/images/background.png" />
        <texture id="lampshade" path="./scenes/images/lampshade.jpg" />
        <texture id="rug" path="./scenes/images/rug.jpg" />
        <texture id="curtains" path="./scenes/images/curtains.jpg" />
        <texture id="poster" path="./scenes/images/poster.jpg" />
        <texture id="grass" path="./scenes/images/grass.jpg" />
    </textures>

    <spritesheets>
        <spritesheet id="spriteSheet_player" path="spritesheets/player.png" sizeM="8" sizeN="8" />
        <spritesheet id="explosion" path="spritesheets/explosion.png" sizeM="4" sizeN="4" />
        <spritesheet id="bat" path="spritesheets/32x32-bat-sprite.png" sizeM="4" sizeN="4" />
    </spritesheets>


    <materials>
        <!-- NOTE: the "MATERIAL" block may be repeated as required. Each defined material
         requires a distinct "id". At least one material should be present. -->
        <material id="materialPreto">
            <shininess value="2" />
            <ambient r="0.0" g="0.0" b="0.0" a="1.0" />
            <diffuse r="0.0" g="0.0" b="0.0" a="1.0" />
            <specular r="0.0" g="0.0" b="0.0" a="1.0" />
            <emissive r=".1" g=".1" b=".1" a="1.0" />
        </material>

         <material id="materialChao">
            <shininess value="5" />
            <ambient r="0.75" g="0.45" b="0.26" a="1.0" />
            <diffuse  r="0.5" g="0.5" b="0.4" a="1.0" />
            <specular r="0.06" g="0.06" b="0.06" a="1.0" />
            <emissive r="0.0" g="0.0" b="0.0" a="1.0" />
        </material>

        <material id="materialAmarelo">
            <shininess value="2" />
            <ambient r="1.0" g="1.0" b="0.0" a="1.0" />
             <diffuse r="0.5" g="0.5" b="0.4" a="1.0" />
            <specular r="0.06" g="0.06" b="0.06" a="1.0" />
            <emissive r="0.0" g="0.0" b="0.0" a="1.0" />
        </material>

         <material id="materialBranco">
            <shininess value="1" />
            <ambient r="0.6" g="0.6" b="0.6" a="1.0" />
             <diffuse r="0.7" g="0.5" b="0.4" a="1.0" />
            <specular r="0.0" g="0.0" b="0.0" a="1.0" />
            <emissive r="0.0" g="0.0" b="0.0" a="1.0" />
        </material>
    </materials>


<animations>

    <animation id="defaultAnimation" >

        <keyframe instant="2.0">
            <translation x="0" y="0" z="0" />
            <rotation axis="x" angle="0" />
            <rotation axis="y" angle="0" />
            <rotation axis="z" angle="0" />
            <scale sx="1" sy="1" sz="1" />
        </keyframe>

        <keyframe instant="4.0">
            <translation x="0" y="0" z="0" />
            <rotation axis="x" angle="0" />
            <rotation axis="y" angle="-90" />
            <rotation axis="z" angle="0" />
            <scale sx="2" sy="0" sz="2" />
        </keyframe>


        <keyframe instant="6.0">
            <translation x="0" y="0" z="0" />
            <rotation axis="x" angle="0" />
            <rotation axis="y" angle="-90" />
            <rotation axis="z" angle="0" />
            <scale sx="1" sy="1" sz="1" />
        </keyframe>
       

    </animation>

    <animation id="batAnimation2">
        <keyframe instant="10.001">
            <translation x="0" y="0" z="3" />
            <rotation axis="x" angle="0" />
            <rotation axis="y" angle="0" />
            <rotation axis="z" angle="0" />
            <scale sx="1" sy="1" sz="1" />
        </keyframe>

        <keyframe instant="15">
            <translation x="-4" y="0" z="3" />
            <rotation axis="x" angle="0" />
            <rotation axis="y" angle="0" />
            <rotation axis="z" angle="0" />
            <scale sx="1" sy="1" sz="1" />
        </keyframe>

        <keyframe instant="15.001">
            <translation x="-4" y="0" z="3" />
            <rotation axis="x" angle="0" />
            <rotation axis="y" angle="0" />
            <rotation axis="z" angle="0" />
            <scale sx="0" sy="0" sz="0" />
        </keyframe>

    </animation>

    <animation id="batAnimation">
        <keyframe instant="0.0">
            <translation x="0" y="-2" z="-15" />
            <rotation axis="x" angle="0" />
            <rotation axis="y" angle="0" />
            <rotation axis="z" angle="0" />
            <scale sx="0" sy="0" sz="0" />
        </keyframe>

        <keyframe instant="7.0">
            <translation x="0" y="0" z="3"/>
            <rotation axis="x" angle="0" />
            <rotation axis="y" angle="0" />
            <rotation axis="z" angle="0" />
            <scale sx="1" sy="1" sz="1" />
        </keyframe>

        <keyframe instant="10.0">
            <translation x="0" y="0" z="3"/>
            <rotation axis="x" angle="0" />
            <rotation axis="y" angle="0" />
            <rotation axis="z" angle="0" />
            <scale sx="1" sy="1" sz="1" />
        </keyframe>

        <keyframe instant="10.001">
            <translation x="0" y="0" z="3"/>
            <rotation axis="x" angle="0" />
            <rotation axis="y" angle="0" />
            <rotation axis="z" angle="0" />
            <scale sx="0" sy="0" sz="0" />
        </keyframe>

        <keyframe instant ="15.0">
            <translation x="-10" y="0" z="3"/>
            <rotation axis="x" angle="0" />
            <rotation axis="y" angle="0" />
            <rotation axis="z" angle="0" />
            <scale sx="0" sy="0" sz="0" />

        </keyframe>
             <keyframe instant ="15.001">
            <translation x="-4" y="0" z="3"/>
            <rotation axis="x" angle="0" />
            <rotation axis="y" angle="0" />
            <rotation axis="z" angle="0" />
            <scale sx="1" sy="1" sz="1" />
        </keyframe>

    </animation>

    <animation id="doorAnimation" >

        <keyframe instant="0.0">
            <translation x="0" y="0" z="0" />
            <rotation axis="x" angle="0" />
            <rotation axis="y" angle="0" />
            <rotation axis="z" angle="0" />
            <scale sx="1" sy="1" sz="1" />
        </keyframe>

        <keyframe instant="8.0">
            <translation x="0" y="0" z="0" />
            <rotation axis="x" angle="0" />
            <rotation axis="y" angle="-120" />
            <rotation axis="z" angle="0" />
            <scale sx="1" sy="1" sz="1" />
        </keyframe>

        
        <keyframe instant="9.0">
            <translation x="0" y="0" z="0" />
            <rotation axis="x" angle="0" />
            <rotation axis="y" angle="0" />
            <rotation axis="z" angle="0" />
            <scale sx="1" sy="1" sz="1" />
        </keyframe>

    </animation>
    

     <animation id="textAnimation" >

        <keyframe instant="3.0">
            <translation x="0" y="0" z="0" />
            <rotation axis="x" angle="0" />
            <rotation axis="y" angle="0" />
            <rotation axis="z" angle="0" />
            <scale sx="0.9" sy="0.9" sz="0.9" />
        </keyframe>

        

        
        <keyframe instant="4.0">
            <translation x="0" y="0" z="0" />
            <rotation axis="x" angle="0" />
            <rotation axis="y" angle="0" />
            <rotation axis="z" angle="0" />
            <scale sx="1" sy="1" sz="1" />
        </keyframe>

        
        <keyframe instant="5.0">
            <translation x="0" y="0" z="0" />
            <rotation axis="x" angle="0" />
            <rotation axis="y" angle="0" />
            <rotation axis="z" angle="0" />
            <scale sx="1.1" sy="1.1" sz="1.1" />
        </keyframe>

        
        <keyframe instant="6.0">
            <translation x="0" y="0" z="0" />
            <rotation axis="x" angle="0" />
            <rotation axis="y" angle="0" />
            <rotation axis="z" angle="0" />
            <scale sx="1" sy="1" sz="1" />
        </keyframe>

          <keyframe instant="7.0">
            <translation x="0" y="0" z="0" />
            <rotation axis="x" angle="0" />
            <rotation axis="y" angle="0" />
            <rotation axis="z" angle="0" />
            <scale sx="1.1" sy="1.1" sz="1.1" />
        </keyframe>

        
        <keyframe instant="8.0">
            <translation x="0" y="0" z="0" />
            <rotation axis="x" angle="0" />
            <rotation axis="y" angle="0" />
            <rotation axis="z" angle="0" />
            <scale sx="1" sy="1" sz="1" />
        </keyframe>

          <keyframe instant="9.0">
            <translation x="0" y="0" z="0" />
            <rotation axis="x" angle="0" />
            <rotation axis="y" angle="0" />
            <rotation axis="z" angle="0" />
            <scale sx="1.1" sy="1.1" sz="1.1" />
        </keyframe>

        
        <keyframe instant="10.0">
            <translation x="0" y="0" z="0" />
            <rotation axis="x" angle="0" />
            <rotation axis="y" angle="0" />
            <rotation axis="z" angle="0" />
            <scale sx="1" sy="1" sz="1" />
        </keyframe>

           <keyframe instant="11.0">
            <translation x="0" y="0" z="0" />
            <rotation axis="x" angle="0" />
            <rotation axis="y" angle="0" />
            <rotation axis="z" angle="0" />
            <scale sx="1.1" sy="1.1" sz="1.1" />
        </keyframe>

        
        <keyframe instant="12.0">
            <translation x="0" y="0" z="0" />
            <rotation axis="x" angle="0" />
            <rotation axis="y" angle="0" />
            <rotation axis="z" angle="0" />
            <scale sx="1" sy="1" sz="1" />
        </keyframe>

         <keyframe instant="14.0">
            <translation x="0" y="0" z="0" />
            <rotation axis="x" angle="0" />
            <rotation axis="y" angle="0" />
            <rotation axis="z" angle="0" />
            <scale sx="0" sy="0" sz="0" />
        </keyframe>

    </animation>
    
   

    <animation id="cortinaEAnimation" >

        <keyframe instant="0.0">
            <translation x="0" y="0" z="0" />
            <rotation axis="x" angle="0" />
            <rotation axis="y" angle="0" />
            <rotation axis="z" angle="0" />
            <scale sx="1" sy="1" sz="1" />
        </keyframe>

       <keyframe instant="2.0">
            <translation x="0" y="0" z="0" />
            <rotation axis="x" angle="0" />
            <rotation axis="y" angle="0" />
            <rotation axis="z" angle="0" />
            <scale sx="1" sy="1" sz="1" />
        </keyframe>

        <keyframe instant="6.0">
            <translation x="-2.5" y="0" z="0" />
            <rotation axis="x" angle="0" />
            <rotation axis="y" angle="0" />
            <rotation axis="z" angle="0" />
            <scale sx="0.4" sy="1.5" sz="1" />
        </keyframe>
    </animation>

    
    <animation id="cortinaDAnimation" >

        <keyframe instant="0.0">
            <translation x="0" y="0" z="0" />
            <rotation axis="x" angle="0" />
            <rotation axis="y" angle="0" />
            <rotation axis="z" angle="0" />
            <scale sx="1" sy="1" sz="1" />
        </keyframe>

        <keyframe instant="2.0">
            <translation x="0" y="0" z="0" />
            <rotation axis="x" angle="0" />
            <rotation axis="y" angle="0" />
            <rotation axis="z" angle="0" />
            <scale sx="1" sy="1" sz="1" />
        </keyframe>

        <keyframe instant="6.0">
            <translation x="2.5" y="0" z="0" />
            <rotation axis="x" angle="0" />
            <rotation axis="y" angle="0" />
            <rotation axis="z" angle="0" />
            <scale sx="0.4" sy="1.5" sz="1" />
        </keyframe>

    </animation>
    
    
    

</animations>

    <nodes>
        <node id="root">
            <material id="null" />
            <texture id="null">  
                <amplification afs="1.0" aft="1.0" />
            </texture>

            <transformations>
                <scale sx="0.5" sy="0.5" sz="0.5" />
            </transformations>
            
            <descendants>
            <noderef id="mesa" />
            <noderef id="cadeira"/>
            <noderef id="estruturaSala" />
            <noderef id="porta"/>
            <noderef id="tapete"/>
             <noderef id="portaAberta"/>
            <noderef id="cortina"/>
             <noderef id="vaso"/>
            <noderef id="janela"/>
            <noderef id="candeeiro"/>
            <noderef id="text"/>
            <noderef id="spriteAnimation"/>
            <noderef id="spriteAnimation2"/>
            
                
            </descendants>
        </node> 

        <node id="text">
            <material id="null" />
            <texture id="null">
                <amplification afs="1.0" aft="1.0" />
            </texture>

            <transformations>
            
                 <translation x="13" y="17" z="0.01"/>
                 <scale sx="1.8" sy="1.8" sz="1.8"/>
                 
            </transformations>

             <animationref id="textAnimation" />

            <descendants>
                <leaf type="spritetext" text="Study Room"/>
            </descendants>
        </node>

        <node id="spriteAnimation">
            <material id="null" />
            <texture id="null">
                <amplification afs="1.0" aft="1.0" />
            </texture>

            <transformations>
                <translation x="20.5" y="8" z="0.1"/>
                <scale sx="4" sy="4" sz="4"/>
            </transformations>

            <animationref id="batAnimation"/>

            <descendants>
                <leaf type="spriteanim" ssid="bat" startCell="1" endCell="3" duration="0.7"/>
            </descendants>
        </node>

       
        <node id="spriteAnimation2">
            <material id="null" />
            <texture id="null">
                <amplification afs="1.0" aft="1.0" />
            </texture>

            <transformations>
                <translation x="20.5" y="8" z="0.1"/>
                <scale sx="4" sy="4" sz="4"/>
            </transformations>

            <animationref id="batAnimation2"/>

            <descendants>
                <leaf type="spriteanim" ssid="bat" startCell="13" endCell="15" duration="0.7"/>
            </descendants>
        </node>

   <node id="mesa">           
        <material id="null" />
        <texture id="woodTexture1">
          <amplification afs="1.0" aft="1.0" />
        </texture>

        <transformations>
            <translation x="5" y="0" z="0.1" />
            <scale sx="1.2" sy="1.2" sz="1.2" />
        </transformations>
        <descendants>
            <noderef id="pernasMesa" />
            <noderef id="tampoMesa" />
            <noderef id="donut" />
			<noderef id="ecra" />
            <noderef id="pizza"/>
            <leaf type="plane" npartsU="4" npartsV="5" />
        </descendants>
    </node>



    <node id="pernasMesa">
        <material id="null" />

        <texture id="null">
            <amplification afs="1.0" aft="1.0" />
        </texture>

        <transformations>
            <translation x="0.0" y="0.0" z="0.0" />
             <scale sx="0.6" sy="0.6" sz="0.6" />
        </transformations>

        <descendants>
            <noderef id="pernaMesa1" />
            <noderef id="pernaMesa2" />
            <noderef id="pernaMesa3" />
            <noderef id="pernaMesa4" />
            <!-- x y z coordinates of each vertex -->
        </descendants>
    </node>


    <node id="pernaMesa1">            
        <material id="null" />

        <texture id="null">
            <amplification afs="1.0" aft="1.0" />
        </texture>

        <transformations>
            <translation x="0.0" y="0.0" z="0.0" />
        </transformations>


        <descendants>
            <noderef id="pernaMesa" />
        
        </descendants>
    </node>

        
    <node id="pernaMesa2">         
        
        <material id="null" />
        <texture id="null">
            <amplification afs="1.0" aft="1.0" />
        </texture>

        <transformations>
            <translation x="10.0" y="0.0" z="0.0" />
        </transformations>

        <descendants>
            <noderef id="pernaMesa" />
        </descendants>
    </node>

        
    <node id="pernaMesa3">         
        
        <material id="null" />
        <texture id="null">
            <amplification afs="1.0" aft="1.0" />
        </texture>

        <transformations>
            <translation x="0.0" y="0.0" z="5.0" />
        </transformations>

        <descendants>
            <noderef id="pernaMesa" />
            
        </descendants>
    </node>

        
    <node id="pernaMesa4">         
        
        <material id="null" />
        <texture id="null">
            <amplification afs="1.0" aft="1.0" />
        </texture>

        <transformations>
            <translation x="10.0" y="0.0" z="5.0" />
        </transformations>

        <descendants>
            <noderef id="pernaMesa" />
            
        </descendants>
    </node>

        
    <node id="pernaMesa">         
        
        <material id="null" />
        <texture id="null">
            <amplification afs="1.0" aft="1.0" />
        </texture>

        <transformations>
         <rotation axis="x" angle="-90" />
        </transformations>

        <descendants>
                <leaf type="cylinder" height="7" topRadius="0.35" bottomRadius="0.35" stacks="8" slices="16"/>
        </descendants>
    </node>


        
    <node id="tampoMesa">         
        <material id="null" />
        <texture id="null">
            <amplification afs="1.0" aft="1.0" />
        </texture>

        <transformations>
            <translation x="3" y="4.2" z="1.5" />
            <scale sx="7" sy="0.3" sz="3.8" />
        </transformations>

        <descendants>
                <noderef id="cubo" />
            
        </descendants>
    </node>




    
<node id="cubo">         
        
        <material id="null" />
        <texture id="null">
            <amplification afs="1.0" aft="1.0" />
        </texture>

        <transformations>
        </transformations>

        <descendants>
                <noderef id="faceCima" />
                <noderef id="faceBaixo" />
                <noderef id="faceFrente" />
                <noderef id="faceTras" />
                <noderef id="faceEsquerda" />
                <noderef id="faceDireita" />
            
        </descendants>
    </node>

 



    <node id="faceBaixo">         
        
        <material id="null" />
        <texture id="null">
            <amplification afs="1.0" aft="1.0" />
        </texture>

        <transformations>
            <translation x="0.0" y="-0.5" z="0.0" />
            <rotation axis="x" angle="-90" />
        </transformations>


        <descendants>
                <leaf type="rectangle" x1="-0.5" y1="0.5" x2="0.5" y2="-0.5" />
        </descendants>
    </node>



    <node id="faceCima">         
        
        <material id="null" />
        <texture id="null">
            <amplification afs="1.0" aft="1.0" />
        </texture>

        <transformations>
            <translation x="0.0" y="0.5" z="0.0" />
            <rotation axis="x" angle="90" />
        </transformations>


        <descendants>
            <leaf type="rectangle" x1="-0.5" y1="0.5" x2="0.5" y2="-0.5" />
        </descendants>
    </node>


    <node id="faceTras">         
        
        <material id="null" />
        <texture id="null">
            <amplification afs="1.0" aft="1.0" />
        </texture>

        <transformations>
            <translation x="0.0" y="0.0" z="-0.5" />
        </transformations>


        <descendants>
            <leaf type="rectangle" x1="-0.5" y1="0.5" x2="0.5" y2="-0.5" />
        </descendants>
    </node>



        
    <node id="faceFrente">         
        
        <material id="null" />
        <texture id="null">
            <amplification afs="1.0" aft="1.0" />
        </texture>

        <transformations>
            <translation x="0.0" y="0.0" z="0.5" />
            <rotation axis="y" angle="180" />
        </transformations>


        <descendants>
            <leaf type="rectangle" x1="-0.5" y1="0.5" x2="0.5" y2="-0.5" />
        </descendants>
    </node>



        
    <node id="faceDireita">         
        
        <material id="null" />
        <texture id="null">
            <amplification afs="1.0" aft="1.0" />
        </texture>

        <transformations>
            <translation x="0.5" y="0.0" z="0.0" />
            <rotation axis="y" angle="-90" />
        </transformations>


        <descendants>
            <leaf type="rectangle" x1="-0.5" y1="0.5" x2="0.5" y2="-0.5" />  
        </descendants>
    </node>

        
    <node id="faceEsquerda">         
        
        <material id="null" />
        <texture id="null">
            <amplification afs="1.0" aft="1.0" />
        </texture>

        <transformations>
            <translation x="-0.5" y="0.0" z="0.0" />
            <rotation axis="y" angle="90" /> 
        </transformations>


        <descendants>
            <leaf type="rectangle" x1="-0.5" y1="0.5" x2="0.5" y2="-0.5" />
        </descendants>
    </node>


    
    
    <!--Donut-->
    <node id="donut">

        <material id="null" />
        <texture id="donutTexture">
            <amplification afs="1.0" aft="1.0" />
        </texture>

        <transformations>
            <translation x="0.5" y="4.52" z="2.6" />   
                <scale sx="0.5" sy="0.5" sz="0.5" />
              <rotation axis="x" angle="-90" /> 
        </transformations>

        <descendants>
            <leaf type="torus" inner="0.3" outer="0.7" slices="16" loops="20" />
            <noderef id="pratoDonut"/>
        </descendants>
    </node>

     <node id="pratoDonut">

        <material id="materialBranco" />
        <texture id="clear">
            <amplification afs="1.0" aft="1.0" />
        </texture>

        <transformations>
            <translation x="0." y="0" z="-0.3" />   
        </transformations>

        <descendants>
           <leaf type="cylinder" height="0.1" topRadius="1.3" bottomRadius="1.3" stacks="8" slices="16"/>
          
        </descendants>
    </node>


 <!--Candeeiro-->
    <node id="candeeiro">

        <material id="null" />
        <texture id="lampshade">
            <amplification afs="1.0" aft="1.0" />
        </texture>

        <transformations>
            <translation x="13" y="18.5" z="10" />   
              <rotation axis="x" angle="-90" /> 
        </transformations>
              
        <descendants>
              <leaf type="defbarrel" base="1.2" middle="2.2" height="1.5" slices="20" stacks="20" />
             
            
        </descendants>
    </node>

  <!--Cadeira-->
    <node id="cadeira">    
        <material id="materialChao" />
        <texture id="woodTexture2">
            <amplification afs="1.0" aft="1.0" />
        </texture>

        <transformations>
            <translation x="6.5" y="0.0" z="2.5" />     
        </transformations>

        <descendants>
            <noderef id="tampoCadeira"/>
            <noderef id="pernasCadeira"/>
            <noderef id="costasCadeira"/>
        </descendants>
    
    </node>




    <node id="pernasCadeira">            
        <material id="null" />

        <texture id="null">
            <amplification afs="1.0" aft="1.0" />
        </texture>

        <transformations>
        </transformations>

        <!-- declaring descendants, at least one node or one leaf must be present
            descendants may be mixed, nodes and leafs -->
        <descendants>
            <noderef id="pernaCadeira1" />
            <noderef id="pernaCadeira2" />
            <noderef id="pernaCadeira3" />
            <noderef id="pernaCadeira4" />
            <!-- x y z coordinates of each vertex -->
        </descendants>
    </node>


    <node id="pernaCadeira1">           
        <material id="null" /><!-- this superimposes the material received from parent node id="null" maintains material from parent node -->

        <texture id="null">
            <amplification afs="1.0" aft="1.0" />
        </texture>

        <!-- geom. transf. are optional and may be repeated, in any order, as necessary: -->
        <transformations>
            <translation x="0.4" y="0.0" z="0.2" />
        </transformations>

        <!-- declaring descendants, at least one node or one leaf must be present
            descendants may be mixed, nodes and leafs -->
        <descendants>
            <noderef id="pernaCadeira" />
        </descendants>
    </node>



        
    <node id="pernaCadeira2">         
        
        <material id="null" />
        <texture id="null">
            <amplification afs="1.0" aft="1.0" />
        </texture>

        <transformations>
            <translation x="3.6" y="0.0" z="0.2" />
        </transformations>

        <descendants>
            <noderef id="pernaCadeira" />
            
        </descendants>
    </node>

        
    <node id="pernaCadeira3">         
        
        <material id="null" />
        <texture id="null">
            <amplification afs="1.0" aft="1.0" />
        </texture>

        <transformations>
             <translation x="0.4" y="0.0" z="2.8" />
        </transformations>

        <descendants>
            <noderef id="pernaCadeira" />
        </descendants>
    </node>

        
    <node id="pernaCadeira4">         
        
        <material id="null" />
        <texture id="null">
            <amplification afs="1.0" aft="1.0" />
        </texture>

        <transformations>
             <translation x="3.6" y="0.0" z="2.8" />
        </transformations>

        <descendants>
            <noderef id="pernaCadeira" />
        </descendants>
    </node>

        
    <node id="pernaCadeira">         
        
        <material id="null" />
        <texture id="null">
            <amplification afs="1.0" aft="1.0" />
        </texture>

        <transformations>
          <rotation axis="x" angle="-90" />
        </transformations>

        <descendants>
            <leaf type="cylinder" height="2.6" topRadius="0.3" bottomRadius="0.2" stacks="8" slices="16"/>
        </descendants>
    </node>


        
    <node id="tampoCadeira">         
        
        <material id="null" />
        <texture id="null">
            <amplification afs="1.0" aft="1.0" />
        </texture>

        <transformations>
            <translation x="2." y="2.6" z="1.5" />
            <scale sx="4." sy="0.4" sz="3.3" />
        </transformations>

        <descendants>
            <noderef id="cubo" />
        </descendants>
    </node>
        
    <node id="costasCadeira">         
        
        <material id="null" />
        <texture id="null">
            <amplification afs="1.0" aft="1.0" />
        </texture>

        <transformations>
         <translation x="2." y="4.05" z="3" />
          <rotation axis="x" angle="90" />
          <scale sx="4." sy="0.4" sz="3.3" />
        
        </transformations>

        <descendants>
            <noderef id="cubo" />
        </descendants>
    </node>



   
    <node id="faceFrenteEcra">         
        
        <material id="null" />
        <texture id="background">
            <amplification afs="0.5" aft="0.5" />
        </texture>

        <transformations>
            <translation x="0.0" y="0.0" z="0.5" />
            <rotation axis="y" angle="180" />
        </transformations>


        <descendants>
            <leaf type="rectangle" x1="-0.5" y1="0.5" x2="0.5" y2="-0.5" />
        </descendants>
    </node>


     <!--Ecrã-->
 
     <node id="ecra">
 
         <material id="materialPreto" />
         <texture id="clear">
             <amplification afs="1.0" aft="1.0" />
         </texture>
 
         <transformations>
            <translation x="3.2" y="5.6" z="0.6" />
            <scale sx="3" sy="2.5" sz="0.4"/>
          
            <rotation axis="z" angle="-180" />
            
         </transformations>
 
         <descendants>
            <noderef id="cuboEcra" />
         </descendants>
     </node>
 
     <!--Cubo do Ecrã-->
 
     <node id="cuboEcra">
 
     <material id="null"/>
         <texture id="null">
             <amplification afs="1.0" aft="1.0" />
         </texture>
 
         <transformations>
         </transformations>
 
         <descendants>
                 <noderef id="faceCima" />
                 <noderef id="faceBaixo" />
                 <noderef id="faceFrenteEcra" />
                 <noderef id="faceTras" />
                 <noderef id="faceEsquerda" />
                 <noderef id="faceDireita" />
         </descendants>
     </node>


		<!--Porta-->
		<node id="portaAberta">

            <material id="materialPreto" />
            <texture id="clear">
                <amplification afs="5.0" aft="14.0" />
            </texture>
        <transformations>
           
            <translation x="18" y="0" z="0.02" />
        
           
        </transformations>

		<descendants>
			<leaf type="rectangle" x1="0" y1="0" x2="5" y2="14" />
		</descendants>

		</node>



		<!--Porta-->
		<node id="porta">

            <material id="null" />
            <texture id="doorTexture">
                <amplification afs="5.0" aft="14.0" />
            </texture>
        <transformations>
           
            <translation x="18" y="0" z="0.05" />
          
           
        </transformations>

        <animationref id="doorAnimation" />
      

		<descendants>
			<leaf type="rectangle" x1="0" y1="0" x2="5" y2="14" />
		</descendants>

		</node>



		<!--Porta-->
		<node id="tapete">

            <material id="null" />
            <texture id="rug">
                <amplification afs="1.0" aft="1.0" />
            </texture>
        <transformations>
           
           <translation x="8" y="-0.7" z="4.5" />
          <rotation axis="x" angle="-90" />
          <scale sx="3." sy="3" sz="3" />
          
           
        </transformations>

		<descendants>
            <leaf type="patch" npointsU="3" npointsV="4" npartsU="15" npartsV="15">
                <controlpoint x="-2.0" y="-1" z="0.5" />
                <controlpoint x="-2.5"  y="1" z="0" />
                <controlpoint x="-2"  y="1" z="0.5" />
                <controlpoint x="-2" y="1.3" z="0.5" />

                <controlpoint x="0.0"  y="-2" z="0" />
                <controlpoint x="-0.5"  y="0" z="0.5" />
                <controlpoint x="-0.5" y="1" z="1" />
                <controlpoint x="0.0"  y="1" z="0" />


                <controlpoint x="2"  y="-1" z="0.5" />
                <controlpoint x="2.0" y="0" z="0.5" />
                <controlpoint x="2.0"  y="1" z="0" />
                <controlpoint x="2.0"  y="1" z="0.5" />
            </leaf> 
		
		</descendants>

		</node>

<!--Janela-->
		<node id="janela">

            <material id="null" />
            <texture id="windowTexture">
                <amplification afs="9" aft="6" />
            </texture>

       
            <transformations>
                <translation x="0.05" y="13" z="10"/>
                <scale sx="1" sy="8" sz="11" />
                 <rotation axis="x" angle="-90"/>
                <rotation axis="z" angle="-90"/>
            </transformations>

            <descendants>
                 <leaf type="plane" npartsU="5" npartsV="5" />
            </descendants>
		</node>

	 	<!--teto-->
		<node id="teto">
			  
            <material id="null" />
            <texture id="wallTexture">
                <amplification afs="1.0" aft="1.0" />
            </texture>

            <transformations>
                <translation x="1.0" y="2.0" z="1.0" />
                <scale sx="2.0" sy="1.0" sz="2.0"/>
                <rotation axis="x" angle="90" />
            </transformations>


            <descendants>
                <leaf type="rectangle" x1="-0.5" y1="-0.5" x2="0.5" y2="0.5" /> 
            </descendants>
		</node>

		<!--chao-->
		<node id="chao">
			<material id="null" />
            <texture id="woodTexture2">
                <amplification afs="1.0" aft="1.0" />
            </texture>

            <transformations>
                <translation x="1.0" y=".0" z="1.0" />
                <scale sx="2.0" sy="1.0" sz="2.0"/>
                <rotation axis="x" angle="-90" />
            </transformations>


            <descendants>
                <leaf type="rectangle" x1="-0.5" y1="-0.5" x2="0.5" y2="0.5" />
            </descendants>
		</node>

	<!--Parede -->
		<node id="paredeFrente">
			<material id="null" />
            <texture id="null">
                <amplification afs="1.0" aft="1.0" />
            </texture>

            <transformations>
                <translation x="1.0" y="1.0" z="2.0" />
                <scale sx="2.0" sy="2.0" sz="1.0"/>
                <rotation axis="x" angle="-180" />
            </transformations>


            <descendants>
                <noderef id="poster"/>
                <leaf type="rectangle" x1="-0.5" y1="-0.5" x2="0.5" y2="0.5" />
            </descendants>
		</node>

        <!--Parede -->
		<node id="paredeTras">
			 <material id="null" />
            <texture id="null">
                <amplification afs="1.0" aft="1.0" />
            </texture>

            <transformations>
                <translation x="1.0" y="1.0" z="0.0" />
                <scale sx="2.0" sy="2.0" sz="1.0"/>
                <rotation axis="z" angle="180" />
            </transformations>


            <descendants>
                <leaf type="rectangle" x1="-0.5" y1="-0.5" x2="0.5" y2="0.5" />
            </descendants>
		</node>


        <!--Parede -->
		<node id="paredeDireita">
			 <material id="null" />
            <texture id="null">
                <amplification afs="1.0" aft="1.0" />
            </texture>

            <transformations>
                <translation x="2.0" y="1.0" z="1.0" />
                <scale sx="1.0" sy="2.0" sz="2.0"/>
                <rotation axis="y" angle="-90" />
            </transformations>


            <descendants>
                <noderef id="poster2"/>
                <leaf type="rectangle" x1="-0.5" y1="-0.5" x2="0.5" y2="0.5" />
            </descendants>
		</node>

        <!--Parede -->
		<node id="paredeEsquerda">
			 <material id="null" />
            <texture id="null">
                <amplification afs="1.0" aft="1.0" />
            </texture>

            <transformations>
             <translation x="0.0" y="1.0" z="1.0" />
                <scale sx="1.0" sy="2.0" sz="2.0"/>
                <rotation axis="y" angle="90" /> 
            </transformations>


            <descendants>
                <leaf type="rectangle" x1="-0.5" y1="-0.5" x2="0.5" y2="0.5" />
            </descendants>
		</node>

          <!--chao teto e paredes -->
		<node id="estruturaSala">
			 <material id="null" />
            <texture id="null">
                <amplification afs="1.0" aft="1.0" />
            </texture>

            <transformations>
             
                <scale sx="13.0" sy="10.0" sz="10.0"/>
            </transformations>


            <descendants>
                <noderef id="paredes" />
                <noderef id="chao" />
                <noderef id="teto" />
            </descendants>
		</node>

    <!--chao teto e paredes -->
		<node id="paredes">
			<material id="null" />
            <texture id="wallTexture">
                <amplification afs="1.0" aft="1.0" />
            </texture>

            <transformations>
            </transformations>

            <descendants>
                <noderef id="paredeFrente" />
                <noderef id="paredeTras" />
                <noderef id="paredeDireita" />
                <noderef id="paredeEsquerda" />
            </descendants>
		</node>




 <!--Pizza -->
		<node id="pizza">
			 <material id="null" />
            <texture id="pizzaTexture">
                <amplification afs="1.0" aft="1.0" />
            </texture>

            <transformations>
                <translation x="5.0" y="4.4" z="2.0" />
                <rotation axis="x" angle="-90" />
            </transformations>


            <descendants>
                <leaf type="triangle" x1="-0.5" y1="-0.5" x2="0.5" y2="-0.5"  x3="0" y3="0.3"/>
            </descendants>
		</node>

        <node id="poster">
			 <material id="null" />
            <texture id="stripesTexture">
                <amplification afs="1" aft="0.1" />
            </texture>


            <transformations>
                <rotation axis="z" angle="180"/>
                <translation x="-0.2" y="-0.075" z="0.01"/>
                <scale sx="0.4" sy="0.85" sz="1" />
            </transformations>

            <descendants>
                <leaf type="triangle" x1="-0.5" y1="-0.5" x2="0.5" y2="-0.5"  x3="0" y3="0.3"/>
            </descendants>
		</node>




        <node id="cortina">
			 <material id="null" />
            <texture id="curtains">
                <amplification afs="1" aft="0.1" />
            </texture>


            <transformations>
                <translation x="0" y="-1" z="3"/>
          
            </transformations>

         

            <descendants>
                <noderef id="cortinaEsq"/>
                <noderef id="cortinaDir"/>
            </descendants>
		</node>


        <node id="cortinaEsq">
			 <material id="null" />
            <texture id="curtains">
                <amplification afs="1" aft="0.1" />
            </texture>


            <transformations>
                <translation x="0.2" y="18" z="10"/>
             <rotation axis="x" angle="90"/>
             <rotation axis="z" angle="-90"/>
                <scale sx="0.5" sy="0.2" sz="1.7" /> 
            </transformations>


            <animationref id="cortinaEAnimation" />
            <descendants>
                
            <leaf type="patch" npointsU="2" npointsV="4" npartsU="15" npartsV="15">
                <controlpoint x="-5.9" y="-1.5" z="0" />
                <controlpoint x="-3"  y="5.76" z="0" />
                <controlpoint x="0.15"  y="-2.65" z="0" />
                <controlpoint x="3.48" y="2.12" z="0" />

               <controlpoint x="-5.9" y="-1.5" z="8" />
                <controlpoint x="-3"  y="5.76" z="8" />
                <controlpoint x="0.15"  y="-2.65" z="8" />
                <controlpoint x="3.48" y="2.12" z="8" />


            </leaf> 
            </descendants>
		</node>


        <node id="cortinaDir">
			 <material id="null" />
            <texture id="curtains">
                <amplification afs="1" aft="0.1" />
            </texture>


            <transformations>
             <translation x="0.2" y="18" z="4"/>
             <rotation axis="x" angle="90"/>
             <rotation axis="z" angle="-90"/>
             <scale sx="0.5" sy="0.2" sz="1.7" /> 
            </transformations>

            <animationref id="cortinaDAnimation" />

            <descendants>
                
            <leaf type="patch" npointsU="2" npointsV="4" npartsU="15" npartsV="15">
                <controlpoint x="-5.9" y="-1.5" z="0" />
                <controlpoint x="-3"  y="5.76" z="0" />
                <controlpoint x="0.15"  y="-2.65" z="0" />
                <controlpoint x="3.48" y="2.12" z="0" />

               <controlpoint x="-5.9" y="-1.5" z="8" />
                <controlpoint x="-3"  y="5.76" z="8" />
                <controlpoint x="0.15"  y="-2.65" z="8" />
                <controlpoint x="3.48" y="2.12" z="8" />


            </leaf> 
            </descendants>
		</node>


          <node id="poster2">
			 <material id="null" />
            <texture id="poster">
                <amplification afs="1" aft="0.1" />
            </texture>


            <transformations>
                <translation x="0.05" y="0.075" z="0.01"/>
                <rotation axis="x" angle="90"/>
                <scale sx="0.4" sy="1" sz="0.6" />
            </transformations>

            <descendants>
                 <leaf type="plane" npartsU="5" npartsV="5" />
            </descendants>
		</node>
        
        <node id="vaso">
			 <material id="null" />
            <texture id="poster">
                <amplification afs="1" aft="0.1" />
            </texture>


            <transformations>
                <translation x="16" y="0" z="1.5"/>
                <rotation axis="x" angle="-90"/>
              
            </transformations>

            <descendants>
                  <leaf type="defbarrel" base="0.9" middle="1.3" height="5" slices="20" stacks="20" />
                  <noderef id="planta"/>
            </descendants>
		</node>


          
        <node id="planta">
			 <material id="null" />
            <texture id="grass">
                <amplification afs="1" aft="0.1" />
            </texture>


            <transformations>
                <translation x="0" y="0" z="5"/>
              
                 <scale sx="0.9" sy="0.9" sz="4" />
            </transformations>

            <descendants>
                    <leaf type="sphere" radius="0.9" slices="20" stacks="20"/>
            </descendants>
		</node>

    </nodes>
</lsf>
